{"v":"5.1.16","fr":30,"ip":0,"op":30,"w":195,"h":202,"nm":"NUVEM","ddd":0,"assets":[],"layers":[{"ddd":0,"ind":1,"ty":4,"nm":"NUVEM contornos","sr":1,"ks":{"o":{"a":0,"k":100,"ix":11},"r":{"a":0,"k":0,"ix":10},"p":{"a":0,"k":[97.5,101,0],"ix":2},"a":{"a":0,"k":[97.5,101,0],"ix":1},"s":{"a":0,"k":[100,100,100],"ix":6}},"ao":0,"shapes":[{"ty":"gr","it":[{"ind":0,"ty":"sh","ix":1,"ks":{"a":0,"k":{"i":[[0,19.436],[8.847,6.736],[0.333,1.149],[18.347,0],[3.263,-0.808],[1.315,1.911],[15.074,0],[8.453,-7.727],[1.078,-11.277],[1.769,-0.841],[0.543,-0.3],[0.519,-0.116],[5.018,-6.162],[0,-8.167],[-19.547,0],[0,0]],"o":[[0,-11.06],[-0.951,-0.725],[-5.093,-17.604],[-3.38,0],[-2.251,0.557],[-8.562,-12.438],[-11.462,0],[-8.401,7.679],[-0.186,1.95],[-0.553,0.263],[-0.465,0.257],[-7.728,1.725],[-5.157,6.332],[0,19.436],[0,0],[19.547,0]],"v":[[94.453,23.214],[80.533,-4.788],[78.557,-7.672],[38.746,-37.571],[28.736,-36.352],[22.808,-38.6],[-14.939,-58.464],[-45.822,-46.482],[-60.52,-17.087],[-63.672,-12.587],[-65.322,-11.739],[-66.804,-11.177],[-86.57,1.053],[-94.453,23.214],[-59.003,58.464],[59.004,58.464]],"c":true},"ix":2},"nm":"Caminho 1","mn":"ADBE Vector Shape - Group","hd":false},{"ty":"fl","c":{"a":0,"k":[0.20800000359,0.569000004787,0.651000019148,1],"ix":4},"o":{"a":0,"k":100,"ix":5},"r":1,"nm":"Preenchimento 1","mn":"ADBE Vector Graphic - Fill","hd":false},{"ty":"tr","p":{"a":0,"k":[97.5,62.475],"ix":2},"a":{"a":0,"k":[0,0],"ix":1},"s":{"a":0,"k":[100,100],"ix":3},"r":{"a":0,"k":0,"ix":6},"o":{"a":0,"k":100,"ix":7},"sk":{"a":0,"k":0,"ix":4},"sa":{"a":0,"k":0,"ix":5},"nm":"Transformar"}],"nm":"Grupo 1","np":2,"cix":2,"ix":1,"mn":"ADBE Vector Group","hd":false}],"ip":0,"op":30,"st":0,"bm":0},{"ddd":0,"ind":2,"ty":4,"nm":"chuva contornos","sr":1,"ks":{"o":{"a":0,"k":100,"ix":11},"r":{"a":0,"k":0,"ix":10},"p":{"a":1,"k":[{"i":{"x":0.833,"y":0.833},"o":{"x":0.167,"y":0.167},"n":"0p833_0p833_0p167_0p167","t":6,"s":[97.5,21,0],"e":[97.5,97.5,0],"to":[-2.81276470559533e-7,12.75,0],"ti":[2.81276470559533e-7,-12.75,0]},{"t":30}],"ix":2},"a":{"a":0,"k":[97.5,101,0],"ix":1},"s":{"a":0,"k":[100,100,100],"ix":6}},"ao":0,"shapes":[{"ty":"gr","it":[{"ind":0,"ty":"sh","ix":1,"ks":{"a":0,"k":{"i":[[-2.384,0],[-0.544,0.167],[0.902,2.941],[0,0],[2.941,-0.902],[-0.901,-2.942],[0,0]],"o":[[0.54,0],[2.94,-0.901],[0,0],[-0.901,-2.941],[-2.94,0.901],[0,0],[0.735,2.397]],"v":[[3.352,16.84],[4.985,16.594],[8.677,9.637],[1.971,-12.245],[-4.986,-15.938],[-8.679,-8.981],[-1.973,12.901]],"c":true},"ix":2},"nm":"Caminho 1","mn":"ADBE Vector Shape - Group","hd":false},{"ty":"fl","c":{"a":0,"k":[0.26699999641,0.760999971278,0.894000004787,1],"ix":4},"o":{"a":0,"k":100,"ix":5},"r":1,"nm":"Preenchimento 1","mn":"ADBE Vector Graphic - Fill","hd":false},{"ty":"tr","p":{"a":0,"k":[142.981,154.762],"ix":2},"a":{"a":0,"k":[0,0],"ix":1},"s":{"a":0,"k":[100,100],"ix":3},"r":{"a":0,"k":0,"ix":6},"o":{"a":0,"k":100,"ix":7},"sk":{"a":0,"k":0,"ix":4},"sa":{"a":0,"k":0,"ix":5},"nm":"Transformar"}],"nm":"Grupo 1","np":2,"cix":2,"ix":1,"mn":"ADBE Vector Group","hd":false},{"ty":"gr","it":[{"ind":0,"ty":"sh","ix":1,"ks":{"a":0,"k":{"i":[[-2.383,0],[-0.543,0.167],[0.902,2.941],[0,0],[2.94,-0.902],[-0.901,-2.942],[0,0]],"o":[[0.541,0],[2.941,-0.901],[0,0],[-0.901,-2.941],[-2.941,0.901],[0,0],[0.735,2.397]],"v":[[3.351,16.84],[4.984,16.594],[8.678,9.637],[1.971,-12.245],[-4.986,-15.938],[-8.679,-8.981],[-1.973,12.901]],"c":true},"ix":2},"nm":"Caminho 1","mn":"ADBE Vector Shape - Group","hd":false},{"ty":"fl","c":{"a":0,"k":[0.26699999641,0.760999971278,0.894000004787,1],"ix":4},"o":{"a":0,"k":100,"ix":5},"r":1,"nm":"Preenchimento 1","mn":"ADBE Vector Graphic - Fill","hd":false},{"ty":"tr","p":{"a":0,"k":[96.342,154.762],"ix":2},"a":{"a":0,"k":[0,0],"ix":1},"s":{"a":0,"k":[100,100],"ix":3},"r":{"a":0,"k":0,"ix":6},"o":{"a":0,"k":100,"ix":7},"sk":{"a":0,"k":0,"ix":4},"sa":{"a":0,"k":0,"ix":5},"nm":"Transformar"}],"nm":"Grupo 2","np":2,"cix":2,"ix":2,"mn":"ADBE Vector Group","hd":false},{"ty":"gr","it":[{"ind":0,"ty":"sh","ix":1,"ks":{"a":0,"k":{"i":[[2.94,-0.902],[-0.902,-2.941],[0,0],[-2.383,0],[-0.543,0.166],[0.901,2.941],[0,0]],"o":[[-2.941,0.901],[0,0],[0.734,2.397],[0.54,0],[2.941,-0.901],[0,0],[-0.901,-2.94]],"v":[[-4.984,-15.938],[-8.677,-8.981],[-1.971,12.901],[3.352,16.84],[4.986,16.594],[8.678,9.637],[1.973,-12.246]],"c":true},"ix":2},"nm":"Caminho 1","mn":"ADBE Vector Shape - Group","hd":false},{"ty":"fl","c":{"a":0,"k":[0.26699999641,0.760999971278,0.894000004787,1],"ix":4},"o":{"a":0,"k":100,"ix":5},"r":1,"nm":"Preenchimento 1","mn":"ADBE Vector Graphic - Fill","hd":false},{"ty":"tr","p":{"a":0,"k":[127.456,179.751],"ix":2},"a":{"a":0,"k":[0,0],"ix":1},"s":{"a":0,"k":[100,100],"ix":3},"r":{"a":0,"k":0,"ix":6},"o":{"a":0,"k":100,"ix":7},"sk":{"a":0,"k":0,"ix":4},"sa":{"a":0,"k":0,"ix":5},"nm":"Transformar"}],"nm":"Grupo 3","np":2,"cix":2,"ix":3,"mn":"ADBE Vector Group","hd":false},{"ty":"gr","it":[{"ind":0,"ty":"sh","ix":1,"ks":{"a":0,"k":{"i":[[-2.383,0],[-0.544,0.167],[0.901,2.94],[0,0],[2.941,-0.902],[-0.901,-2.942],[0,0]],"o":[[0.541,0],[2.941,-0.901],[0,0],[-0.902,-2.941],[-2.941,0.901],[0,0],[0.735,2.397]],"v":[[3.352,16.84],[4.986,16.594],[8.678,9.637],[1.973,-12.245],[-4.985,-15.938],[-8.679,-8.981],[-1.973,12.901]],"c":true},"ix":2},"nm":"Caminho 1","mn":"ADBE Vector Shape - Group","hd":false},{"ty":"fl","c":{"a":0,"k":[0.26699999641,0.760999971278,0.894000004787,1],"ix":4},"o":{"a":0,"k":100,"ix":5},"r":1,"nm":"Preenchimento 1","mn":"ADBE Vector Graphic - Fill","hd":false},{"ty":"tr","p":{"a":0,"k":[80.262,181.15],"ix":2},"a":{"a":0,"k":[0,0],"ix":1},"s":{"a":0,"k":[100,100],"ix":3},"r":{"a":0,"k":0,"ix":6},"o":{"a":0,"k":100,"ix":7},"sk":{"a":0,"k":0,"ix":4},"sa":{"a":0,"k":0,"ix":5},"nm":"Transformar"}],"nm":"Grupo 4","np":2,"cix":2,"ix":4,"mn":"ADBE Vector Group","hd":false},{"ty":"gr","it":[{"ind":0,"ty":"sh","ix":1,"ks":{"a":0,"k":{"i":[[-2.383,0],[-0.544,0.167],[0.902,2.941],[0,0],[2.94,-0.902],[-0.902,-2.942],[0,0]],"o":[[0.541,0],[2.941,-0.901],[0,0],[-0.901,-2.941],[-2.941,0.901],[0,0],[0.735,2.397]],"v":[[3.351,16.84],[4.985,16.594],[8.678,9.637],[1.972,-12.245],[-4.985,-15.938],[-8.678,-8.981],[-1.972,12.901]],"c":true},"ix":2},"nm":"Caminho 1","mn":"ADBE Vector Shape - Group","hd":false},{"ty":"fl","c":{"a":0,"k":[0.26699999641,0.760999971278,0.894000004787,1],"ix":4},"o":{"a":0,"k":100,"ix":5},"r":1,"nm":"Preenchimento 1","mn":"ADBE Vector Graphic - Fill","hd":false},{"ty":"tr","p":{"a":0,"k":[49.702,154.762],"ix":2},"a":{"a":0,"k":[0,0],"ix":1},"s":{"a":0,"k":[100,100],"ix":3},"r":{"a":0,"k":0,"ix":6},"o":{"a":0,"k":100,"ix":7},"sk":{"a":0,"k":0,"ix":4},"sa":{"a":0,"k":0,"ix":5},"nm":"Transformar"}],"nm":"Grupo 5","np":2,"cix":2,"ix":5,"mn":"ADBE Vector Group","hd":false}],"ip":0,"op":30,"st":0,"bm":0}],"markers":[]}