{"v":"5.5.9","fr":30,"ip":0,"op":600,"w":200,"h":200,"nm":"小雨转晴","ddd":0,"assets":[{"id":"comp_0","layers":[{"ddd":0,"ind":1,"ty":4,"nm":"“乌云”轮廓","sr":1,"ks":{"o":{"a":0,"k":100,"ix":11},"r":{"a":0,"k":0,"ix":10},"p":{"a":0,"k":[89.95,115.1,0],"ix":2},"a":{"a":0,"k":[76.6,50.05,0],"ix":1},"s":{"a":0,"k":[100,100,100],"ix":6}},"ao":0,"shapes":[{"ty":"gr","it":[{"ind":0,"ty":"sh","ix":1,"ks":{"a":0,"k":{"i":[[0,18.8],[7.5,6.5],[0,1],[19.401,0],[0,-19.299],[-0.101,-0.299],[5.2,0],[0,-18.5],[-18,-0.599],[0,0],[0,0],[0,0]],"o":[[0,-10.601],[0.101,-1],[0,-19.299],[-19.4,0],[0,0.301],[-4.401,-2.199],[-18.5,0],[0,18.1],[0,0],[0,0],[0,0],[18.5,-0.799]],"v":[[65.25,14.8],[52.95,-11.801],[53.15,-14.801],[17.95,-49.8],[-17.25,-14.801],[-17.149,-13.801],[-31.75,-17.2],[-65.25,16.3],[-32.85,49.699],[-32.85,49.8],[31.75,49.8],[31.75,49.699]],"c":true},"ix":2},"nm":"路径 1","mn":"ADBE Vector Shape - Group","hd":false},{"ty":"fl","c":{"a":0,"k":[0.969000004787,0.969000004787,0.969000004787,1],"ix":4},"o":{"a":0,"k":100,"ix":5},"r":1,"bm":0,"nm":"填充 1","mn":"ADBE Vector Graphic - Fill","hd":false},{"ty":"tr","p":{"a":0,"k":[65.5,50.05],"ix":2},"a":{"a":0,"k":[0,0],"ix":1},"s":{"a":0,"k":[100,100],"ix":3},"r":{"a":0,"k":0,"ix":6},"o":{"a":0,"k":100,"ix":7},"sk":{"a":0,"k":0,"ix":4},"sa":{"a":0,"k":0,"ix":5},"nm":"变换"}],"nm":"组 1","np":2,"cix":2,"bm":0,"ix":1,"mn":"ADBE Vector Group","hd":false},{"ty":"gr","it":[{"ind":0,"ty":"sh","ix":1,"ks":{"a":0,"k":{"i":[[0,18.3],[19.4,0],[0,-18.5],[0,0],[0,0]],"o":[[0,-18.4],[-19.4,0],[0,0],[0,0],[19.2,-0.3]],"v":[[35.2,0],[0,-33.4],[-35.2,0],[-35.2,33.4],[0.4,33.4]],"c":true},"ix":2},"nm":"路径 1","mn":"ADBE Vector Shape - Group","hd":false},{"ty":"fl","c":{"a":0,"k":[0.917999985639,0.917999985639,0.917999985639,1],"ix":4},"o":{"a":0,"k":100,"ix":5},"r":1,"bm":0,"nm":"填充 1","mn":"ADBE Vector Graphic - Fill","hd":false},{"ty":"tr","p":{"a":0,"k":[117.75,66.451],"ix":2},"a":{"a":0,"k":[0,0],"ix":1},"s":{"a":0,"k":[100,100],"ix":3},"r":{"a":0,"k":0,"ix":6},"o":{"a":0,"k":100,"ix":7},"sk":{"a":0,"k":0,"ix":4},"sa":{"a":0,"k":0,"ix":5},"nm":"变换"}],"nm":"组 2","np":2,"cix":2,"bm":0,"ix":2,"mn":"ADBE Vector Group","hd":false}],"ip":0,"op":601,"st":0,"bm":0},{"ddd":0,"ind":2,"ty":4,"nm":"“太阳”轮廓","sr":1,"ks":{"o":{"a":0,"k":100,"ix":11},"r":{"a":0,"k":0,"ix":10},"p":{"a":0,"k":[128.397,85.608,0],"ix":2},"a":{"a":0,"k":[37.356,37.368,0],"ix":1},"s":{"a":0,"k":[100,100,100],"ix":6}},"ao":0,"shapes":[{"ty":"gr","it":[{"ind":0,"ty":"sh","ix":1,"ks":{"a":0,"k":{"i":[[0,0],[-20.489,-0.009],[-0.009,20.49],[0,0],[20.49,0.003],[0.003,-20.49]],"o":[[-0.009,20.49],[20.49,0.009],[0,0],[0.003,-20.49],[-20.49,-0.004],[0,0]],"v":[[-37.097,-0.008],[-0.013,37.109],[37.103,0.025],[37.103,-0.008],[0.009,-37.113],[-37.097,-0.02]],"c":true},"ix":2},"nm":"路径 1","mn":"ADBE Vector Shape - Group","hd":false},{"ty":"fl","c":{"a":0,"k":[0.929000016755,0.663000009574,0.081999999402,1],"ix":4},"o":{"a":0,"k":100,"ix":5},"r":1,"bm":0,"nm":"填充 1","mn":"ADBE Vector Graphic - Fill","hd":false},{"ty":"tr","p":{"a":0,"k":[37.356,37.368],"ix":2},"a":{"a":0,"k":[0,0],"ix":1},"s":{"a":0,"k":[100,100],"ix":3},"r":{"a":0,"k":0,"ix":6},"o":{"a":0,"k":100,"ix":7},"sk":{"a":0,"k":0,"ix":4},"sa":{"a":0,"k":0,"ix":5},"nm":"变换"}],"nm":"组 1","np":2,"cix":2,"bm":0,"ix":1,"mn":"ADBE Vector Group","hd":false}],"ip":0,"op":601,"st":0,"bm":0},{"ddd":0,"ind":3,"ty":4,"nm":"“光芒”轮廓","sr":1,"ks":{"o":{"a":0,"k":100,"ix":11},"r":{"a":1,"k":[{"i":{"x":[0.833],"y":[0.833]},"o":{"x":[0.167],"y":[0.167]},"t":0,"s":[0]},{"t":600,"s":[360]}],"ix":10},"p":{"a":0,"k":[128.449,85.6,0],"ix":2},"a":{"a":0,"k":[58.9,61.35,0],"ix":1},"s":{"a":0,"k":[100,100,100],"ix":6}},"ao":0,"shapes":[{"ty":"gr","it":[{"ind":0,"ty":"sh","ix":1,"ks":{"a":0,"k":{"i":[[1.3,1],[-0.901,1.3],[0,0],[-1.299,-0.9],[0.9,-1.3],[0,0]],"o":[[-1.301,-1],[0,0],[1,-1.3],[1.3,1],[0,0],[-1,1.3]],"v":[[27.951,-38.5],[27.251,-42.7],[31.65,-48.7],[35.85,-49.4],[36.551,-45.2],[32.15,-39.2]],"c":true},"ix":2},"nm":"路径 1","mn":"ADBE Vector Shape - Group","hd":false},{"ind":1,"ty":"sh","ix":2,"ks":{"a":0,"k":{"i":[[0.5,1.6],[-1.5,0.5],[0,0],[-0.5,-1.5],[1.5,-0.5],[0,0]],"o":[[-0.5,-1.6],[0,0],[1.599,-0.5],[0.5,1.6],[0,0],[-1.6,0.5]],"v":[[45.251,-14.7],[47.15,-18.5],[54.251,-20.8],[58.051,-18.9],[56.15,-15.1],[49.051,-12.8]],"c":true},"ix":2},"nm":"路径 2","mn":"ADBE Vector Shape - Group","hd":false},{"ind":2,"ty":"sh","ix":3,"ks":{"a":0,"k":{"i":[[-0.5,1.6],[-1.6,-0.6],[0,0],[0.599,-1.6],[1.599,0.6],[0,0]],"o":[[0.5,-1.6],[0,0],[1.601,0.5],[-0.5,1.6],[0,0],[-1.599,-0.5]],"v":[[45.251,14.7],[49.051,12.8],[56.15,15.1],[58.051,18.9],[54.251,20.8],[47.15,18.5]],"c":true},"ix":2},"nm":"路径 3","mn":"ADBE Vector Shape - Group","hd":false},{"ind":3,"ty":"sh","ix":4,"ks":{"a":0,"k":{"i":[[-1.4,1],[-0.899,-1.4],[0,0],[1.401,-0.9],[0.901,1.4],[0,0]],"o":[[1.3,-1],[0,0],[1,1.3],[-1.299,1],[0,0],[-1,-1.3]],"v":[[27.951,38.5],[32.15,39.2],[36.551,45.2],[35.85,49.4],[31.65,48.7],[27.251,42.7]],"c":true},"ix":2},"nm":"路径 4","mn":"ADBE Vector Shape - Group","hd":false},{"ind":4,"ty":"sh","ix":5,"ks":{"a":0,"k":{"i":[[-1.7,0],[0,-1.6],[0,0],[1.6,0],[0,1.6],[0,0]],"o":[[1.699,0],[0,0],[0,1.7],[-1.7,0],[0,0],[0,-1.7]],"v":[[-0.049,47.6],[2.951,50.6],[2.951,58.1],[-0.049,61.1],[-3.049,58.1],[-3.049,50.6]],"c":true},"ix":2},"nm":"路径 5","mn":"ADBE Vector Shape - Group","hd":false},{"ind":5,"ty":"sh","ix":6,"ks":{"a":0,"k":{"i":[[-1.3,-1],[0.901,-1.3],[0,0],[1.299,0.9],[-0.899,1.3],[0,0]],"o":[[1.3,1],[0,0],[-1,1.3],[-1.3,-1],[0,0],[1,-1.4]],"v":[[-28.049,38.5],[-27.35,42.7],[-31.749,48.7],[-35.949,49.4],[-36.65,45.2],[-32.249,39.2]],"c":true},"ix":2},"nm":"路径 6","mn":"ADBE Vector Shape - Group","hd":false},{"ind":6,"ty":"sh","ix":7,"ks":{"a":0,"k":{"i":[[-0.5,-1.6],[1.5,-0.5],[0,0],[0.5,1.5],[-1.5,0.5],[0,0]],"o":[[0.5,1.6],[0,0],[-1.6,0.5],[-0.5,-1.6],[0,0],[1.601,-0.6]],"v":[[-45.349,14.7],[-47.249,18.5],[-54.349,20.8],[-58.15,18.9],[-56.249,15.1],[-49.15,12.8]],"c":true},"ix":2},"nm":"路径 7","mn":"ADBE Vector Shape - Group","hd":false},{"ind":7,"ty":"sh","ix":8,"ks":{"a":0,"k":{"i":[[0.641,-1.597],[1.512,0.696],[0,0],[-0.695,1.512],[-1.512,-0.695],[0,0]],"o":[[-0.558,1.542],[0,0],[-1.543,-0.558],[0.558,-1.542],[0,0],[1.543,0.557]],"v":[[-44.187,-14.327],[-48.104,-12.657],[-55.041,-15.347],[-56.712,-19.264],[-52.795,-20.934],[-45.858,-18.244]],"c":true},"ix":2},"nm":"路径 8","mn":"ADBE Vector Shape - Group","hd":false},{"ind":8,"ty":"sh","ix":9,"ks":{"a":0,"k":{"i":[[1.399,-1],[0.9,1.4],[0,0],[-1.4,0.9],[-0.901,-1.4],[0,0]],"o":[[-1.3,1],[0,0],[-1,-1.3],[1.299,-1],[0,0],[1,1.3]],"v":[[-28.049,-38.5],[-32.249,-39.2],[-36.65,-45.2],[-35.949,-49.4],[-31.749,-48.7],[-27.35,-42.7]],"c":true},"ix":2},"nm":"路径 9","mn":"ADBE Vector Shape - Group","hd":false},{"ind":9,"ty":"sh","ix":10,"ks":{"a":0,"k":{"i":[[1.699,0],[0,1.6],[0,0],[-1.601,0],[0,-1.6],[0,0]],"o":[[-1.7,0],[0,0],[0,-1.7],[1.699,0],[0,0],[0,1.6]],"v":[[-0.049,-47.6],[-3.049,-50.6],[-3.049,-58.1],[-0.049,-61.1],[2.951,-58.1],[2.951,-50.6]],"c":true},"ix":2},"nm":"路径 10","mn":"ADBE Vector Shape - Group","hd":false},{"ty":"mm","mm":1,"nm":"合并路径 1","mn":"ADBE Vector Filter - Merge","hd":false},{"ty":"fl","c":{"a":0,"k":[0.929000016755,0.663000009574,0.081999999402,1],"ix":4},"o":{"a":0,"k":100,"ix":5},"r":1,"bm":0,"nm":"填充 1","mn":"ADBE Vector Graphic - Fill","hd":false},{"ty":"tr","p":{"a":0,"k":[58.9,61.35],"ix":2},"a":{"a":0,"k":[0,0],"ix":1},"s":{"a":0,"k":[100,100],"ix":3},"r":{"a":0,"k":0,"ix":6},"o":{"a":0,"k":100,"ix":7},"sk":{"a":0,"k":0,"ix":4},"sa":{"a":0,"k":0,"ix":5},"nm":"变换"}],"nm":"组 1","np":12,"cix":2,"bm":0,"ix":1,"mn":"ADBE Vector Group","hd":false}],"ip":0,"op":601,"st":0,"bm":0}]}],"layers":[{"ddd":0,"ind":1,"ty":0,"nm":"天气-多云","refId":"comp_0","sr":1,"ks":{"o":{"a":0,"k":100,"ix":11},"r":{"a":0,"k":0,"ix":10},"p":{"a":0,"k":[100.5,78.5,0],"ix":2},"a":{"a":0,"k":[100,100,0],"ix":1},"s":{"a":0,"k":[91,91,100],"ix":6}},"ao":0,"w":200,"h":200,"ip":0,"op":600,"st":0,"bm":0},{"ddd":0,"ind":2,"ty":4,"nm":"9","sr":1,"ks":{"o":{"a":1,"k":[{"i":{"x":[0.833],"y":[0.833]},"o":{"x":[0.167],"y":[0.167]},"t":522,"s":[100]},{"t":598,"s":[0]}],"ix":11},"r":{"a":0,"k":0,"ix":10},"p":{"a":1,"k":[{"i":{"x":0.833,"y":0.833},"o":{"x":0.167,"y":0.167},"t":488,"s":[66.1,102.95,0],"to":[-3.85,13.5,0],"ti":[3.85,-13.5,0]},{"t":598,"s":[43,183.95,0]}],"ix":2},"a":{"a":0,"k":[11.75,14.25,0],"ix":1},"s":{"a":0,"k":[100,100,100],"ix":6}},"ao":0,"shapes":[{"ty":"gr","it":[{"ind":0,"ty":"sh","ix":1,"ks":{"a":0,"k":{"i":[[1.5,-5.6],[5.5,1.5],[-1.5,5.5],[0,0]],"o":[[-1.5,5.5],[-5.5,-1.5],[1.5,-5.5],[0,0]],"v":[[10,5.2],[-2.7,12.5],[-10,-0.2],[4.5,-14]],"c":true},"ix":2},"nm":"路径 1","mn":"ADBE Vector Shape - Group","hd":false},{"ty":"fl","c":{"a":0,"k":[0.086000001197,0.663000009574,0.830999995213,1],"ix":4},"o":{"a":0,"k":100,"ix":5},"r":1,"bm":0,"nm":"填充 1","mn":"ADBE Vector Graphic - Fill","hd":false},{"ty":"tr","p":{"a":0,"k":[11.75,14.25],"ix":2},"a":{"a":0,"k":[0,0],"ix":1},"s":{"a":0,"k":[100,100],"ix":3},"r":{"a":0,"k":0,"ix":6},"o":{"a":0,"k":100,"ix":7},"sk":{"a":0,"k":0,"ix":4},"sa":{"a":0,"k":0,"ix":5},"nm":"变换"}],"nm":"组 1","np":2,"cix":2,"bm":0,"ix":1,"mn":"ADBE Vector Group","hd":false}],"ip":449,"op":1049,"st":449,"bm":0},{"ddd":0,"ind":3,"ty":4,"nm":"8","sr":1,"ks":{"o":{"a":1,"k":[{"i":{"x":[0.833],"y":[0.833]},"o":{"x":[0.167],"y":[0.167]},"t":472,"s":[100]},{"t":553,"s":[0]}],"ix":11},"r":{"a":0,"k":0,"ix":10},"p":{"a":1,"k":[{"i":{"x":0.833,"y":0.833},"o":{"x":0.167,"y":0.167},"t":438,"s":[134.1,102.95,0],"to":[-3.183,13.5,0],"ti":[3.183,-13.5,0]},{"t":553,"s":[115,183.95,0]}],"ix":2},"a":{"a":0,"k":[10.95,13.3,0],"ix":1},"s":{"a":0,"k":[100,100,100],"ix":6}},"ao":0,"shapes":[{"ty":"gr","it":[{"ind":0,"ty":"sh","ix":1,"ks":{"a":0,"k":{"i":[[1.4,-5.1],[5.1,1.4],[-1.4,5.1],[0,0]],"o":[[-1.399,5.1],[-5.099,-1.4],[1.4,-5.1],[0,0]],"v":[[9.3,4.85],[-2.5,11.65],[-9.3,-0.15],[4.1,-13.05]],"c":true},"ix":2},"nm":"路径 1","mn":"ADBE Vector Shape - Group","hd":false},{"ty":"fl","c":{"a":0,"k":[0.086000001197,0.663000009574,0.830999995213,1],"ix":4},"o":{"a":0,"k":100,"ix":5},"r":1,"bm":0,"nm":"填充 1","mn":"ADBE Vector Graphic - Fill","hd":false},{"ty":"tr","p":{"a":0,"k":[10.95,13.3],"ix":2},"a":{"a":0,"k":[0,0],"ix":1},"s":{"a":0,"k":[100,100],"ix":3},"r":{"a":0,"k":0,"ix":6},"o":{"a":0,"k":100,"ix":7},"sk":{"a":0,"k":0,"ix":4},"sa":{"a":0,"k":0,"ix":5},"nm":"变换"}],"nm":"组 1","np":2,"cix":2,"bm":0,"ix":1,"mn":"ADBE Vector Group","hd":false}],"ip":389,"op":989,"st":389,"bm":0},{"ddd":0,"ind":4,"ty":4,"nm":"7","sr":1,"ks":{"o":{"a":1,"k":[{"i":{"x":[0.833],"y":[0.833]},"o":{"x":[0.167],"y":[0.167]},"t":389,"s":[0]},{"i":{"x":[0.833],"y":[0.833]},"o":{"x":[0.167],"y":[0.167]},"t":416,"s":[100]},{"t":494,"s":[0]}],"ix":11},"r":{"a":0,"k":0,"ix":10},"p":{"a":1,"k":[{"i":{"x":0.833,"y":0.833},"o":{"x":0.167,"y":0.167},"t":389,"s":[102.1,113.95,0],"to":[-2.183,11.667,0],"ti":[2.183,-11.667,0]},{"t":494,"s":[89,183.95,0]}],"ix":2},"a":{"a":0,"k":[9.9,12,0],"ix":1},"s":{"a":0,"k":[100,100,100],"ix":6}},"ao":0,"shapes":[{"ty":"gr","it":[{"ind":0,"ty":"sh","ix":1,"ks":{"a":0,"k":{"i":[[1.2,-4.6],[4.7,1.2],[-1.2,4.7],[0,0]],"o":[[-1.2,4.7],[-4.7,-1.2],[1.2,-4.7],[0,0]],"v":[[8.45,4.35],[-2.25,10.55],[-8.45,-0.15],[3.75,-11.75]],"c":true},"ix":2},"nm":"路径 1","mn":"ADBE Vector Shape - Group","hd":false},{"ty":"fl","c":{"a":0,"k":[0.086000001197,0.663000009574,0.830999995213,1],"ix":4},"o":{"a":0,"k":100,"ix":5},"r":1,"bm":0,"nm":"填充 1","mn":"ADBE Vector Graphic - Fill","hd":false},{"ty":"tr","p":{"a":0,"k":[9.9,12],"ix":2},"a":{"a":0,"k":[0,0],"ix":1},"s":{"a":0,"k":[100,100],"ix":3},"r":{"a":0,"k":0,"ix":6},"o":{"a":0,"k":100,"ix":7},"sk":{"a":0,"k":0,"ix":4},"sa":{"a":0,"k":0,"ix":5},"nm":"变换"}],"nm":"组 1","np":2,"cix":2,"bm":0,"ix":1,"mn":"ADBE Vector Group","hd":false}],"ip":389,"op":989,"st":389,"bm":0},{"ddd":0,"ind":5,"ty":4,"nm":"6","sr":1,"ks":{"o":{"a":1,"k":[{"i":{"x":[0.833],"y":[0.833]},"o":{"x":[0.167],"y":[0.167]},"t":332,"s":[100]},{"t":408,"s":[0]}],"ix":11},"r":{"a":0,"k":0,"ix":10},"p":{"a":1,"k":[{"i":{"x":0.833,"y":0.833},"o":{"x":0.167,"y":0.167},"t":298,"s":[66.1,102.95,0],"to":[-3.85,13.5,0],"ti":[3.85,-13.5,0]},{"t":408,"s":[43,183.95,0]}],"ix":2},"a":{"a":0,"k":[11.75,14.25,0],"ix":1},"s":{"a":0,"k":[100,100,100],"ix":6}},"ao":0,"shapes":[{"ty":"gr","it":[{"ind":0,"ty":"sh","ix":1,"ks":{"a":0,"k":{"i":[[1.5,-5.6],[5.5,1.5],[-1.5,5.5],[0,0]],"o":[[-1.5,5.5],[-5.5,-1.5],[1.5,-5.5],[0,0]],"v":[[10,5.2],[-2.7,12.5],[-10,-0.2],[4.5,-14]],"c":true},"ix":2},"nm":"路径 1","mn":"ADBE Vector Shape - Group","hd":false},{"ty":"fl","c":{"a":0,"k":[0.086000001197,0.663000009574,0.830999995213,1],"ix":4},"o":{"a":0,"k":100,"ix":5},"r":1,"bm":0,"nm":"填充 1","mn":"ADBE Vector Graphic - Fill","hd":false},{"ty":"tr","p":{"a":0,"k":[11.75,14.25],"ix":2},"a":{"a":0,"k":[0,0],"ix":1},"s":{"a":0,"k":[100,100],"ix":3},"r":{"a":0,"k":0,"ix":6},"o":{"a":0,"k":100,"ix":7},"sk":{"a":0,"k":0,"ix":4},"sa":{"a":0,"k":0,"ix":5},"nm":"变换"}],"nm":"组 1","np":2,"cix":2,"bm":0,"ix":1,"mn":"ADBE Vector Group","hd":false}],"ip":259,"op":859,"st":259,"bm":0},{"ddd":0,"ind":6,"ty":4,"nm":"5","sr":1,"ks":{"o":{"a":1,"k":[{"i":{"x":[0.833],"y":[0.833]},"o":{"x":[0.167],"y":[0.167]},"t":282,"s":[100]},{"t":363,"s":[0]}],"ix":11},"r":{"a":0,"k":0,"ix":10},"p":{"a":1,"k":[{"i":{"x":0.833,"y":0.833},"o":{"x":0.167,"y":0.167},"t":248,"s":[134.1,102.95,0],"to":[-3.183,13.5,0],"ti":[3.183,-13.5,0]},{"t":363,"s":[115,183.95,0]}],"ix":2},"a":{"a":0,"k":[10.95,13.3,0],"ix":1},"s":{"a":0,"k":[100,100,100],"ix":6}},"ao":0,"shapes":[{"ty":"gr","it":[{"ind":0,"ty":"sh","ix":1,"ks":{"a":0,"k":{"i":[[1.4,-5.1],[5.1,1.4],[-1.4,5.1],[0,0]],"o":[[-1.399,5.1],[-5.099,-1.4],[1.4,-5.1],[0,0]],"v":[[9.3,4.85],[-2.5,11.65],[-9.3,-0.15],[4.1,-13.05]],"c":true},"ix":2},"nm":"路径 1","mn":"ADBE Vector Shape - Group","hd":false},{"ty":"fl","c":{"a":0,"k":[0.086000001197,0.663000009574,0.830999995213,1],"ix":4},"o":{"a":0,"k":100,"ix":5},"r":1,"bm":0,"nm":"填充 1","mn":"ADBE Vector Graphic - Fill","hd":false},{"ty":"tr","p":{"a":0,"k":[10.95,13.3],"ix":2},"a":{"a":0,"k":[0,0],"ix":1},"s":{"a":0,"k":[100,100],"ix":3},"r":{"a":0,"k":0,"ix":6},"o":{"a":0,"k":100,"ix":7},"sk":{"a":0,"k":0,"ix":4},"sa":{"a":0,"k":0,"ix":5},"nm":"变换"}],"nm":"组 1","np":2,"cix":2,"bm":0,"ix":1,"mn":"ADBE Vector Group","hd":false}],"ip":199,"op":799,"st":199,"bm":0},{"ddd":0,"ind":7,"ty":4,"nm":"4","sr":1,"ks":{"o":{"a":1,"k":[{"i":{"x":[0.833],"y":[0.833]},"o":{"x":[0.167],"y":[0.167]},"t":199,"s":[0]},{"i":{"x":[0.833],"y":[0.833]},"o":{"x":[0.167],"y":[0.167]},"t":226,"s":[100]},{"t":304,"s":[0]}],"ix":11},"r":{"a":0,"k":0,"ix":10},"p":{"a":1,"k":[{"i":{"x":0.833,"y":0.833},"o":{"x":0.167,"y":0.167},"t":199,"s":[102.1,113.95,0],"to":[-2.183,11.667,0],"ti":[2.183,-11.667,0]},{"t":304,"s":[89,183.95,0]}],"ix":2},"a":{"a":0,"k":[9.9,12,0],"ix":1},"s":{"a":0,"k":[100,100,100],"ix":6}},"ao":0,"shapes":[{"ty":"gr","it":[{"ind":0,"ty":"sh","ix":1,"ks":{"a":0,"k":{"i":[[1.2,-4.6],[4.7,1.2],[-1.2,4.7],[0,0]],"o":[[-1.2,4.7],[-4.7,-1.2],[1.2,-4.7],[0,0]],"v":[[8.45,4.35],[-2.25,10.55],[-8.45,-0.15],[3.75,-11.75]],"c":true},"ix":2},"nm":"路径 1","mn":"ADBE Vector Shape - Group","hd":false},{"ty":"fl","c":{"a":0,"k":[0.086000001197,0.663000009574,0.830999995213,1],"ix":4},"o":{"a":0,"k":100,"ix":5},"r":1,"bm":0,"nm":"填充 1","mn":"ADBE Vector Graphic - Fill","hd":false},{"ty":"tr","p":{"a":0,"k":[9.9,12],"ix":2},"a":{"a":0,"k":[0,0],"ix":1},"s":{"a":0,"k":[100,100],"ix":3},"r":{"a":0,"k":0,"ix":6},"o":{"a":0,"k":100,"ix":7},"sk":{"a":0,"k":0,"ix":4},"sa":{"a":0,"k":0,"ix":5},"nm":"变换"}],"nm":"组 1","np":2,"cix":2,"bm":0,"ix":1,"mn":"ADBE Vector Group","hd":false}],"ip":199,"op":799,"st":199,"bm":0},{"ddd":0,"ind":8,"ty":4,"nm":"3","sr":1,"ks":{"o":{"a":1,"k":[{"i":{"x":[0.833],"y":[0.833]},"o":{"x":[0.167],"y":[0.167]},"t":133,"s":[100]},{"t":209,"s":[0]}],"ix":11},"r":{"a":0,"k":0,"ix":10},"p":{"a":1,"k":[{"i":{"x":0.833,"y":0.833},"o":{"x":0.167,"y":0.167},"t":99,"s":[66.1,102.95,0],"to":[-3.85,13.5,0],"ti":[3.85,-13.5,0]},{"t":209,"s":[43,183.95,0]}],"ix":2},"a":{"a":0,"k":[11.75,14.25,0],"ix":1},"s":{"a":0,"k":[100,100,100],"ix":6}},"ao":0,"shapes":[{"ty":"gr","it":[{"ind":0,"ty":"sh","ix":1,"ks":{"a":0,"k":{"i":[[1.5,-5.6],[5.5,1.5],[-1.5,5.5],[0,0]],"o":[[-1.5,5.5],[-5.5,-1.5],[1.5,-5.5],[0,0]],"v":[[10,5.2],[-2.7,12.5],[-10,-0.2],[4.5,-14]],"c":true},"ix":2},"nm":"路径 1","mn":"ADBE Vector Shape - Group","hd":false},{"ty":"fl","c":{"a":0,"k":[0.086000001197,0.663000009574,0.830999995213,1],"ix":4},"o":{"a":0,"k":100,"ix":5},"r":1,"bm":0,"nm":"填充 1","mn":"ADBE Vector Graphic - Fill","hd":false},{"ty":"tr","p":{"a":0,"k":[11.75,14.25],"ix":2},"a":{"a":0,"k":[0,0],"ix":1},"s":{"a":0,"k":[100,100],"ix":3},"r":{"a":0,"k":0,"ix":6},"o":{"a":0,"k":100,"ix":7},"sk":{"a":0,"k":0,"ix":4},"sa":{"a":0,"k":0,"ix":5},"nm":"变换"}],"nm":"组 1","np":2,"cix":2,"bm":0,"ix":1,"mn":"ADBE Vector Group","hd":false}],"ip":60,"op":660,"st":60,"bm":0},{"ddd":0,"ind":9,"ty":4,"nm":"2","sr":1,"ks":{"o":{"a":1,"k":[{"i":{"x":[0.833],"y":[0.833]},"o":{"x":[0.167],"y":[0.167]},"t":83,"s":[100]},{"t":164,"s":[0]}],"ix":11},"r":{"a":0,"k":0,"ix":10},"p":{"a":1,"k":[{"i":{"x":0.833,"y":0.833},"o":{"x":0.167,"y":0.167},"t":49,"s":[134.1,102.95,0],"to":[-3.183,13.5,0],"ti":[3.183,-13.5,0]},{"t":164,"s":[115,183.95,0]}],"ix":2},"a":{"a":0,"k":[10.95,13.3,0],"ix":1},"s":{"a":0,"k":[100,100,100],"ix":6}},"ao":0,"shapes":[{"ty":"gr","it":[{"ind":0,"ty":"sh","ix":1,"ks":{"a":0,"k":{"i":[[1.4,-5.1],[5.1,1.4],[-1.4,5.1],[0,0]],"o":[[-1.399,5.1],[-5.099,-1.4],[1.4,-5.1],[0,0]],"v":[[9.3,4.85],[-2.5,11.65],[-9.3,-0.15],[4.1,-13.05]],"c":true},"ix":2},"nm":"路径 1","mn":"ADBE Vector Shape - Group","hd":false},{"ty":"fl","c":{"a":0,"k":[0.086000001197,0.663000009574,0.830999995213,1],"ix":4},"o":{"a":0,"k":100,"ix":5},"r":1,"bm":0,"nm":"填充 1","mn":"ADBE Vector Graphic - Fill","hd":false},{"ty":"tr","p":{"a":0,"k":[10.95,13.3],"ix":2},"a":{"a":0,"k":[0,0],"ix":1},"s":{"a":0,"k":[100,100],"ix":3},"r":{"a":0,"k":0,"ix":6},"o":{"a":0,"k":100,"ix":7},"sk":{"a":0,"k":0,"ix":4},"sa":{"a":0,"k":0,"ix":5},"nm":"变换"}],"nm":"组 1","np":2,"cix":2,"bm":0,"ix":1,"mn":"ADBE Vector Group","hd":false}],"ip":0,"op":600,"st":0,"bm":0},{"ddd":0,"ind":10,"ty":4,"nm":"1","sr":1,"ks":{"o":{"a":1,"k":[{"i":{"x":[0.833],"y":[0.833]},"o":{"x":[0.167],"y":[0.167]},"t":0,"s":[0]},{"i":{"x":[0.833],"y":[0.833]},"o":{"x":[0.167],"y":[0.167]},"t":27,"s":[100]},{"t":105,"s":[0]}],"ix":11},"r":{"a":0,"k":0,"ix":10},"p":{"a":1,"k":[{"i":{"x":0.833,"y":0.833},"o":{"x":0.167,"y":0.167},"t":0,"s":[102.1,113.95,0],"to":[-2.183,11.667,0],"ti":[2.183,-11.667,0]},{"t":105,"s":[89,183.95,0]}],"ix":2},"a":{"a":0,"k":[9.9,12,0],"ix":1},"s":{"a":0,"k":[100,100,100],"ix":6}},"ao":0,"shapes":[{"ty":"gr","it":[{"ind":0,"ty":"sh","ix":1,"ks":{"a":0,"k":{"i":[[1.2,-4.6],[4.7,1.2],[-1.2,4.7],[0,0]],"o":[[-1.2,4.7],[-4.7,-1.2],[1.2,-4.7],[0,0]],"v":[[8.45,4.35],[-2.25,10.55],[-8.45,-0.15],[3.75,-11.75]],"c":true},"ix":2},"nm":"路径 1","mn":"ADBE Vector Shape - Group","hd":false},{"ty":"fl","c":{"a":0,"k":[0.086000001197,0.663000009574,0.830999995213,1],"ix":4},"o":{"a":0,"k":100,"ix":5},"r":1,"bm":0,"nm":"填充 1","mn":"ADBE Vector Graphic - Fill","hd":false},{"ty":"tr","p":{"a":0,"k":[9.9,12],"ix":2},"a":{"a":0,"k":[0,0],"ix":1},"s":{"a":0,"k":[100,100],"ix":3},"r":{"a":0,"k":0,"ix":6},"o":{"a":0,"k":100,"ix":7},"sk":{"a":0,"k":0,"ix":4},"sa":{"a":0,"k":0,"ix":5},"nm":"变换"}],"nm":"组 1","np":2,"cix":2,"bm":0,"ix":1,"mn":"ADBE Vector Group","hd":false}],"ip":0,"op":600,"st":0,"bm":0}],"markers":[]}